Producto Interior Bruto,Producto Interior Bruto(A: -11.60 to +1.25),Producto Interior Bruto(B: +1.25 to +2.30),Producto Interior Bruto(C: +2.30 to +6.29)
Gasto educativo(A: +12.83 to +42.83),0.23333333333333336,0.5476190476190477,0.25333333333333335
Gasto educativo(B: +42.83 to +47.86),0.5333333333333333,0.22619047619047622,0.13333333333333336
Gasto educativo(C: +47.86 to +55.35),0.23333333333333336,0.22619047619047622,0.6133333333333334
