Ingreso nacional bruto,"Ingreso nacional bruto(A: +27,120.00 to +27,570.00)","Ingreso nacional bruto(A: +27,120.00 to +27,570.00)","Ingreso nacional bruto(A: +27,120.00 to +27,570.00)","Ingreso nacional bruto(B: +27,570.00 to +29,330.00)","Ingreso nacional bruto(B: +27,570.00 to +29,330.00)","Ingreso nacional bruto(B: +27,570.00 to +29,330.00)","Ingreso nacional bruto(C: +29,330.00 to +32,090.00)","Ingreso nacional bruto(C: +29,330.00 to +32,090.00)","Ingreso nacional bruto(C: +29,330.00 to +32,090.00)"
Tasa de paro,Tasa de paro(A: +12.90 to +14.80),Tasa de paro(B: +14.80 to +17.20),Tasa de paro(C: +17.20 to +24.40),Tasa de paro(A: +12.90 to +14.80),Tasa de paro(B: +14.80 to +17.20),Tasa de paro(C: +17.20 to +24.40),Tasa de paro(A: +12.90 to +14.80),Tasa de paro(B: +14.80 to +17.20),Tasa de paro(C: +17.20 to +24.40)
Producto Interior Bruto(A: -11.60 to +1.70),0.3333333333333333,0.44047619047619047,0.1754385964912281,0.3333333333333333,0.1754385964912281,0.44047619047619047,0.3333333333333333,0.3333333333333333,0.3333333333333333
Producto Interior Bruto(B: +1.70 to +3.00),0.3333333333333333,0.44047619047619047,0.6491228070175439,0.3333333333333333,0.6491228070175439,0.11904761904761905,0.0900900900900901,0.3333333333333333,0.3333333333333333
Producto Interior Bruto(C: +3.00 to +6.30),0.3333333333333333,0.11904761904761905,0.1754385964912281,0.3333333333333333,0.1754385964912281,0.44047619047619047,0.5765765765765766,0.3333333333333333,0.3333333333333333
