Gasto educativo,Gasto educativo(A: +12.83 to +42.83),Gasto educativo(A: +12.83 to +42.83),Gasto educativo(A: +12.83 to +42.83),Gasto educativo(B: +42.83 to +47.86),Gasto educativo(B: +42.83 to +47.86),Gasto educativo(B: +42.83 to +47.86),Gasto educativo(C: +47.86 to +55.35),Gasto educativo(C: +47.86 to +55.35),Gasto educativo(C: +47.86 to +55.35)
Gastos en salud salud,"Gastos en salud salud(A: +1,005.28 to +2,349.09)","Gastos en salud salud(B: +2,349.09 to +2,716.83)","Gastos en salud salud(C: +2,716.83 to +3,234.29)","Gastos en salud salud(A: +1,005.28 to +2,349.09)","Gastos en salud salud(B: +2,349.09 to +2,716.83)","Gastos en salud salud(C: +2,716.83 to +3,234.29)","Gastos en salud salud(A: +1,005.28 to +2,349.09)","Gastos en salud salud(B: +2,349.09 to +2,716.83)","Gastos en salud salud(C: +2,716.83 to +3,234.29)"
Tasa de fertilidad(A: +1.13 to +1.27),0.07246376811594203,0.1754385964912281,0.3333333333333333,0.3333333333333333,0.3333333333333333,0.07246376811594203,0.1754385964912281,0.3333333333333333,0.8198198198198199
Tasa de fertilidad(B: +1.27 to +1.38),0.855072463768116,0.6491228070175439,0.3333333333333333,0.3333333333333333,0.5765765765765766,0.6594202898550725,0.6491228070175439,0.5765765765765766,0.0900900900900901
Tasa de fertilidad(C: +1.38 to +2.77),0.07246376811594203,0.1754385964912281,0.3333333333333333,0.3333333333333333,0.0900900900900901,0.2681159420289855,0.1754385964912281,0.0900900900900901,0.0900900900900901
