Nivel urbanizaci贸n,Nivel urbanizaci贸n(A: +79.40 to +79.80),Nivel urbanizaci贸n(B: +79.80 to +80.60),Nivel urbanizaci贸n(C: +80.60 to +81.30)
Tasa de paro(A: +12.90 to +14.80),0.1754385964912281,0.3333333333333333,0.49122807017543857
Tasa de paro(B: +14.80 to +17.20),0.1754385964912281,0.49122807017543857,0.3333333333333333
Tasa de paro(C: +17.20 to +24.40),0.6491228070175439,0.17543859649122806,0.17543859649122806
