Tasa de fertilidad,Tasa de fertilidad(A: +1.20 to +1.20),Tasa de fertilidad(A: +1.20 to +1.20),Tasa de fertilidad(A: +1.20 to +1.20),Tasa de fertilidad(B: +1.20 to +1.30),Tasa de fertilidad(B: +1.20 to +1.30),Tasa de fertilidad(B: +1.20 to +1.30)
Tasa de mortalidad,Tasa de mortalidad(A: +0.85 to +0.89),Tasa de mortalidad(B: +0.89 to +0.91),Tasa de mortalidad(C: +0.91 to +1.04),Tasa de mortalidad(A: +0.85 to +0.89),Tasa de mortalidad(B: +0.89 to +0.91),Tasa de mortalidad(C: +0.91 to +1.04)
Tasa de crecimiento de la población(A: -0.30 to +0.10),0.20833333333333331,0.3333333333333333,0.33333333333333337,0.696969696969697,0.33333333333333337,0.3333333333333333
Tasa de crecimiento de la población(B: +0.10 to +0.40),0.20833333333333331,0.3333333333333333,0.11904761904761907,0.15151515151515155,0.5476190476190477,0.3333333333333333
Tasa de crecimiento de la población(C: +0.40 to +0.80),0.5833333333333333,0.3333333333333333,0.5476190476190477,0.15151515151515155,0.11904761904761907,0.3333333333333333
