Nivel educativo,Nivel educativo(A: +1.90 to +4.14),Nivel educativo(A: +1.90 to +4.14),Nivel educativo(A: +1.90 to +4.14),Nivel educativo(B: +4.14 to +4.29),Nivel educativo(B: +4.14 to +4.29),Nivel educativo(B: +4.14 to +4.29),Nivel educativo(C: +4.29 to +4.91),Nivel educativo(C: +4.29 to +4.91),Nivel educativo(C: +4.29 to +4.91)
Porcentaje de población urbana,Porcentaje de población urbana(A: +69.57 to +75.35),Porcentaje de población urbana(B: +75.35 to +77.50),Porcentaje de población urbana(C: +77.50 to +81.30),Porcentaje de población urbana(A: +69.57 to +75.35),Porcentaje de población urbana(B: +75.35 to +77.50),Porcentaje de población urbana(C: +77.50 to +81.30),Porcentaje de población urbana(A: +69.57 to +75.35),Porcentaje de población urbana(B: +75.35 to +77.50),Porcentaje de población urbana(C: +77.50 to +81.30)
Tasa de paro(A: +8.23 to +14.10),0.3333333333333333,0.5515151515151515,0.3333333333333333,0.3333333333333333,0.5388127853881278,0.3333333333333333,0.3333333333333333,0.0900900900900901,0.13553113553113552
Tasa de paro(B: +14.10 to +19.86),0.3333333333333333,0.3878787878787879,0.3333333333333333,0.3333333333333333,0.2922374429223744,0.4739583333333333,0.3333333333333333,0.0900900900900901,0.43223443223443225
Tasa de paro(C: +19.86 to +26.09),0.3333333333333333,0.06060606060606061,0.3333333333333333,0.3333333333333333,0.1689497716894977,0.19270833333333331,0.3333333333333333,0.8198198198198199,0.43223443223443225
