Gastos en salud,"Gastos en salud(A: +1,005.28 to +2,349.09)","Gastos en salud(B: +2,349.09 to +2,716.83)","Gastos en salud(C: +2,716.83 to +3,234.29)"
"Tasa de mortalidad(A: +286,655.00 to +331,515.00)",0.09803921568627452,0.10752688172043012,0.10752688172043012
"Tasa de mortalidad(B: +331,515.00 to +384,828.00)",0.6274509803921569,0.10752688172043012,0.20430107526881724
"Tasa de mortalidad(C: +384,828.00 to +493,776.00)",0.27450980392156865,0.7849462365591399,0.6881720430107527
