Porcentaje de poblaci贸n urbana,Porcentaje de poblaci贸n urbana(A: +69.57 to +75.35),Porcentaje de poblaci贸n urbana(B: +75.35 to +77.50),Porcentaje de poblaci贸n urbana(C: +77.50 to +81.30)
Tasa de paro(A: +8.23 to +14.10),0.3333333333333333,0.41954022988505746,0.26436781609195403
Tasa de paro(B: +14.10 to +19.86),0.3333333333333333,0.26436781609195403,0.41954022988505746
Tasa de paro(C: +19.86 to +26.09),0.3333333333333333,0.3160919540229885,0.3160919540229885
