Producto Interior Bruto,Producto Interior Bruto(1_ALTO),Producto Interior Bruto(2_MEDIO),Producto Interior Bruto(3_BAJO)
Gastos en salud(1_ALTO),0.2564102564102564,0.3958333333333333,0.3333333333333333
Gastos en salud(2_MEDIO),0.2564102564102564,0.20833333333333331,0.49122807017543857
Gastos en salud(3_BAJO),0.4871794871794871,0.3958333333333333,0.17543859649122806
