Ingreso nacional bruto,Ingreso nacional bruto(1_ALTO),Ingreso nacional bruto(1_ALTO),Ingreso nacional bruto(1_ALTO),Ingreso nacional bruto(2_MEDIO),Ingreso nacional bruto(2_MEDIO),Ingreso nacional bruto(2_MEDIO),Ingreso nacional bruto(3_BAJO),Ingreso nacional bruto(3_BAJO),Ingreso nacional bruto(3_BAJO)
Tasa de paro,Tasa de paro(1_ALTO),Tasa de paro(2_MEDIO),Tasa de paro(3_BAJO),Tasa de paro(1_ALTO),Tasa de paro(2_MEDIO),Tasa de paro(3_BAJO),Tasa de paro(1_ALTO),Tasa de paro(2_MEDIO),Tasa de paro(3_BAJO)
Producto Interior Bruto(1_ALTO),0.44047619047619047,0.44047619047619047,0.07246376811594203,0.0900900900900901,0.5765765765765766,0.1754385964912281,0.3333333333333333,0.3333333333333333,0.3333333333333333
Producto Interior Bruto(2_MEDIO),0.44047619047619047,0.11904761904761905,0.2681159420289855,0.5765765765765766,0.3333333333333333,0.6491228070175439,0.3333333333333333,0.3333333333333333,0.3333333333333333
Producto Interior Bruto(3_BAJO),0.11904761904761905,0.44047619047619047,0.6594202898550725,0.3333333333333333,0.0900900900900901,0.1754385964912281,0.3333333333333333,0.3333333333333333,0.3333333333333333
