Gastos en salud,Gastos en salud(1_ALTO),Gastos en salud(2_MEDIO),Gastos en salud(3_BAJO)
Tasa de mortalidad(1_ALTO),0.5833333333333333,0.5833333333333333,0.5833333333333333
Tasa de mortalidad(2_MEDIO),0.20833333333333331,0.20833333333333331,0.20833333333333331
Tasa de mortalidad(3_BAJO),0.20833333333333331,0.20833333333333331,0.20833333333333331
