Gasto educativo,Gasto educativo(1_ALTO),Gasto educativo(1_ALTO),Gasto educativo(1_ALTO),Gasto educativo(2_MEDIO),Gasto educativo(2_MEDIO),Gasto educativo(2_MEDIO),Gasto educativo(3_BAJO),Gasto educativo(3_BAJO),Gasto educativo(3_BAJO)
Gastos en salud,Gastos en salud(1_ALTO),Gastos en salud(2_MEDIO),Gastos en salud(3_BAJO),Gastos en salud(1_ALTO),Gastos en salud(2_MEDIO),Gastos en salud(3_BAJO),Gastos en salud(1_ALTO),Gastos en salud(2_MEDIO),Gastos en salud(3_BAJO)
Tasa de fertilidad(1_ALTO),0.1754385964912281,0.3333333333333333,0.3333333333333333,0.1754385964912281,0.1754385964912281,0.3333333333333333,0.3333333333333333,0.3333333333333333,0.3333333333333333
Tasa de fertilidad(2_MEDIO),0.6491228070175439,0.3333333333333333,0.3333333333333333,0.6491228070175439,0.6491228070175439,0.3333333333333333,0.3333333333333333,0.3333333333333333,0.3333333333333333
Tasa de fertilidad(3_BAJO),0.1754385964912281,0.3333333333333333,0.3333333333333333,0.1754385964912281,0.1754385964912281,0.3333333333333333,0.3333333333333333,0.3333333333333333,0.3333333333333333
