Producto Interior Bruto,Producto Interior Bruto(1_ALTO: +2.30 to +6.29),Producto Interior Bruto(2_MEDIO: +1.25 to +2.30),Producto Interior Bruto(3_BAJO: -11.60 to +1.25)
"Gastos en salud(1_ALTO: +2,716.83 to +3,234.29)",0.20430107526881724,0.22619047619047622,0.4954954954954955
"Gastos en salud(2_MEDIO: +2,349.09 to +2,716.83)",0.30107526881720437,0.33333333333333337,0.3333333333333333
"Gastos en salud(3_BAJO: +1,005.28 to +2,349.09)",0.4946236559139785,0.44047619047619047,0.1711711711711712
