Producto Interior Bruto,Producto Interior Bruto(1_ALTO),Producto Interior Bruto(2_MEDIO),Producto Interior Bruto(3_BAJO)
Gasto educativo(1_ALTO),0.6133333333333334,0.22619047619047622,0.23333333333333336
Gasto educativo(2_MEDIO),0.13333333333333336,0.22619047619047622,0.5333333333333333
Gasto educativo(3_BAJO),0.25333333333333335,0.5476190476190477,0.23333333333333336
