Producto Interior Bruto,Producto Interior Bruto(A: -11.60 to +1.25),Producto Interior Bruto(B: +1.25 to +2.30),Producto Interior Bruto(C: +2.30 to +6.29)
"Gastos en salud(A: +1,005.28 to +2,349.09)",0.1711711711711712,0.44047619047619047,0.4946236559139785
"Gastos en salud(B: +2,349.09 to +2,716.83)",0.3333333333333333,0.33333333333333337,0.30107526881720437
"Gastos en salud(C: +2,716.83 to +3,234.29)",0.4954954954954955,0.22619047619047622,0.20430107526881724
