Ingreso nacional bruto,Ingreso nacional bruto(1_ALTO),Ingreso nacional bruto(1_ALTO),Ingreso nacional bruto(1_ALTO),Ingreso nacional bruto(2_MEDIO),Ingreso nacional bruto(2_MEDIO),Ingreso nacional bruto(2_MEDIO),Ingreso nacional bruto(3_BAJO),Ingreso nacional bruto(3_BAJO),Ingreso nacional bruto(3_BAJO)
Tasa de paro,Tasa de paro(1_ALTO),Tasa de paro(2_MEDIO),Tasa de paro(3_BAJO),Tasa de paro(1_ALTO),Tasa de paro(2_MEDIO),Tasa de paro(3_BAJO),Tasa de paro(1_ALTO),Tasa de paro(2_MEDIO),Tasa de paro(3_BAJO)
Producto Interior Bruto(1_ALTO),0.22424242424242424,0.3333333333333333,0.3878787878787879,0.22424242424242424,0.5515151515151515,0.3333333333333333,0.3333333333333333,0.3333333333333333,0.3333333333333333
Producto Interior Bruto(2_MEDIO),0.22424242424242424,0.19270833333333331,0.22424242424242424,0.5515151515151515,0.22424242424242424,0.4739583333333333,0.3333333333333333,0.3333333333333333,0.3333333333333333
Producto Interior Bruto(3_BAJO),0.5515151515151515,0.4739583333333333,0.3878787878787879,0.22424242424242424,0.22424242424242424,0.19270833333333331,0.3333333333333333,0.3333333333333333,0.3333333333333333
