Ingreso nacional bruto,"Ingreso nacional bruto(A: +3,240.00 to +12,210.00)","Ingreso nacional bruto(A: +3,240.00 to +12,210.00)","Ingreso nacional bruto(A: +3,240.00 to +12,210.00)","Ingreso nacional bruto(B: +12,210.00 to +27,120.00)","Ingreso nacional bruto(B: +12,210.00 to +27,120.00)","Ingreso nacional bruto(B: +12,210.00 to +27,120.00)","Ingreso nacional bruto(C: +27,120.00 to +32,560.00)","Ingreso nacional bruto(C: +27,120.00 to +32,560.00)","Ingreso nacional bruto(C: +27,120.00 to +32,560.00)"
Tasa de paro,Tasa de paro(A: +8.23 to +14.10),Tasa de paro(B: +14.10 to +19.86),Tasa de paro(C: +19.86 to +26.09),Tasa de paro(A: +8.23 to +14.10),Tasa de paro(B: +14.10 to +19.86),Tasa de paro(C: +19.86 to +26.09),Tasa de paro(A: +8.23 to +14.10),Tasa de paro(B: +14.10 to +19.86),Tasa de paro(C: +19.86 to +26.09)
Producto Interior Bruto(A: -11.60 to +1.25),0.3333333333333333,0.3333333333333333,0.3333333333333333,0.19270833333333331,0.22424242424242424,0.22424242424242424,0.3878787878787879,0.4739583333333333,0.5515151515151515
Producto Interior Bruto(B: +1.25 to +2.30),0.3333333333333333,0.3333333333333333,0.3333333333333333,0.4739583333333333,0.22424242424242424,0.5515151515151515,0.22424242424242424,0.19270833333333331,0.22424242424242424
Producto Interior Bruto(C: +2.30 to +6.29),0.3333333333333333,0.3333333333333333,0.3333333333333333,0.3333333333333333,0.5515151515151515,0.22424242424242424,0.3878787878787879,0.3333333333333333,0.22424242424242424
