Ingreso nacional bruto,"Ingreso nacional bruto(1_ALTO: +27,120.00 to +32,560.00)","Ingreso nacional bruto(1_ALTO: +27,120.00 to +32,560.00)","Ingreso nacional bruto(1_ALTO: +27,120.00 to +32,560.00)","Ingreso nacional bruto(2_MEDIO: +12,210.00 to +27,120.00)","Ingreso nacional bruto(2_MEDIO: +12,210.00 to +27,120.00)","Ingreso nacional bruto(2_MEDIO: +12,210.00 to +27,120.00)","Ingreso nacional bruto(3_BAJO: +3,240.00 to +12,210.00)","Ingreso nacional bruto(3_BAJO: +3,240.00 to +12,210.00)","Ingreso nacional bruto(3_BAJO: +3,240.00 to +12,210.00)"
Tasa de paro,Tasa de paro(1_ALTO: +19.86 to +26.09),Tasa de paro(2_MEDIO: +14.10 to +19.86),Tasa de paro(3_BAJO: +8.23 to +14.10),Tasa de paro(1_ALTO: +19.86 to +26.09),Tasa de paro(2_MEDIO: +14.10 to +19.86),Tasa de paro(3_BAJO: +8.23 to +14.10),Tasa de paro(1_ALTO: +19.86 to +26.09),Tasa de paro(2_MEDIO: +14.10 to +19.86),Tasa de paro(3_BAJO: +8.23 to +14.10)
Producto Interior Bruto(1_ALTO: +2.30 to +6.29),0.22424242424242424,0.3333333333333333,0.3878787878787879,0.22424242424242424,0.5515151515151515,0.3333333333333333,0.3333333333333333,0.3333333333333333,0.3333333333333333
Producto Interior Bruto(2_MEDIO: +1.25 to +2.30),0.22424242424242424,0.19270833333333331,0.22424242424242424,0.5515151515151515,0.22424242424242424,0.4739583333333333,0.3333333333333333,0.3333333333333333,0.3333333333333333
Producto Interior Bruto(3_BAJO: -11.60 to +1.25),0.5515151515151515,0.4739583333333333,0.3878787878787879,0.22424242424242424,0.22424242424242424,0.19270833333333331,0.3333333333333333,0.3333333333333333,0.3333333333333333
