GSE,GSE(1_ALTO),GSE(1_ALTO),GSE(1_ALTO),GSE(2_MEDIO),GSE(2_MEDIO),GSE(2_MEDIO),GSE(3_BAJO),GSE(3_BAJO),GSE(3_BAJO)
GSS,GSS(1_ALTO),GSS(2_MEDIO),GSS(3_BAJO),GSS(1_ALTO),GSS(2_MEDIO),GSS(3_BAJO),GSS(1_ALTO),GSS(2_MEDIO),GSS(3_BAJO)
RTF(1_ALTO),0.0900900900900901,0.0900900900900901,0.1754385964912281,0.2681159420289855,0.0900900900900901,0.3333333333333333,0.3333333333333333,0.1754385964912281,0.07246376811594203
RTF(2_MEDIO),0.0900900900900901,0.5765765765765766,0.6491228070175439,0.6594202898550725,0.5765765765765766,0.3333333333333333,0.3333333333333333,0.6491228070175439,0.855072463768116
RTF(3_BAJO),0.8198198198198199,0.3333333333333333,0.1754385964912281,0.07246376811594203,0.3333333333333333,0.3333333333333333,0.3333333333333333,0.1754385964912281,0.07246376811594203
