Gasto educativo,Gasto educativo(1_ALTO),Gasto educativo(1_ALTO),Gasto educativo(1_ALTO),Gasto educativo(2_MEDIO),Gasto educativo(2_MEDIO),Gasto educativo(2_MEDIO),Gasto educativo(3_BAJO),Gasto educativo(3_BAJO),Gasto educativo(3_BAJO)
Gastos en salud,Gastos en salud(1_ALTO),Gastos en salud(2_MEDIO),Gastos en salud(3_BAJO),Gastos en salud(1_ALTO),Gastos en salud(2_MEDIO),Gastos en salud(3_BAJO),Gastos en salud(1_ALTO),Gastos en salud(2_MEDIO),Gastos en salud(3_BAJO)
Tasa de fertilidad(1_ALTO),0.0900900900900901,0.0900900900900901,0.1754385964912281,0.2681159420289855,0.0900900900900901,0.3333333333333333,0.3333333333333333,0.1754385964912281,0.07246376811594203
Tasa de fertilidad(2_MEDIO),0.0900900900900901,0.5765765765765766,0.6491228070175439,0.6594202898550725,0.5765765765765766,0.3333333333333333,0.3333333333333333,0.6491228070175439,0.855072463768116
Tasa de fertilidad(3_BAJO),0.8198198198198199,0.3333333333333333,0.1754385964912281,0.07246376811594203,0.3333333333333333,0.3333333333333333,0.3333333333333333,0.1754385964912281,0.07246376811594203
