Gastos en salud,"Gastos en salud(1_ALTO: +2,716.83 to +3,234.29)","Gastos en salud(2_MEDIO: +2,349.09 to +2,716.83)","Gastos en salud(3_BAJO: +1,005.28 to +2,349.09)"
"Tasa de mortalidad(1_ALTO: +384,828.00 to +493,776.00)",0.6881720430107527,0.7849462365591399,0.27450980392156865
"Tasa de mortalidad(2_MEDIO: +331,515.00 to +384,828.00)",0.20430107526881724,0.10752688172043012,0.6274509803921569
"Tasa de mortalidad(3_BAJO: +286,655.00 to +331,515.00)",0.10752688172043012,0.10752688172043012,0.09803921568627452
