Gasto educativo,Gasto educativo(1_ALTO: +47.86 to +55.35),Gasto educativo(1_ALTO: +47.86 to +55.35),Gasto educativo(1_ALTO: +47.86 to +55.35),Gasto educativo(2_MEDIO: +42.83 to +47.86),Gasto educativo(2_MEDIO: +42.83 to +47.86),Gasto educativo(2_MEDIO: +42.83 to +47.86),Gasto educativo(3_BAJO: +12.83 to +42.83),Gasto educativo(3_BAJO: +12.83 to +42.83),Gasto educativo(3_BAJO: +12.83 to +42.83)
Gastos en salud,"Gastos en salud(1_ALTO: +2,716.83 to +3,234.29)","Gastos en salud(2_MEDIO: +2,349.09 to +2,716.83)","Gastos en salud(3_BAJO: +1,005.28 to +2,349.09)","Gastos en salud(1_ALTO: +2,716.83 to +3,234.29)","Gastos en salud(2_MEDIO: +2,349.09 to +2,716.83)","Gastos en salud(3_BAJO: +1,005.28 to +2,349.09)","Gastos en salud(1_ALTO: +2,716.83 to +3,234.29)","Gastos en salud(2_MEDIO: +2,349.09 to +2,716.83)","Gastos en salud(3_BAJO: +1,005.28 to +2,349.09)"
Tasa de fertilidad(1_ALTO: +1.38 to +2.77),0.0900900900900901,0.0900900900900901,0.1754385964912281,0.2681159420289855,0.0900900900900901,0.3333333333333333,0.3333333333333333,0.1754385964912281,0.07246376811594203
Tasa de fertilidad(2_MEDIO: +1.27 to +1.38),0.0900900900900901,0.5765765765765766,0.6491228070175439,0.6594202898550725,0.5765765765765766,0.3333333333333333,0.3333333333333333,0.6491228070175439,0.855072463768116
Tasa de fertilidad(3_BAJO: +1.13 to +1.27),0.8198198198198199,0.3333333333333333,0.1754385964912281,0.07246376811594203,0.3333333333333333,0.3333333333333333,0.3333333333333333,0.1754385964912281,0.07246376811594203
