Gastos en salud,Gastos en salud(1_ALTO),Gastos en salud(2_MEDIO),Gastos en salud(3_BAJO)
Tasa de mortalidad(1_ALTO),0.6881720430107527,0.7849462365591399,0.27450980392156865
Tasa de mortalidad(2_MEDIO),0.20430107526881724,0.10752688172043012,0.6274509803921569
Tasa de mortalidad(3_BAJO),0.10752688172043012,0.10752688172043012,0.09803921568627452
